Transaction_ID,Date,Product_Category,Customer_Age,Gender,Quantity,Unit_Price,Total_Sales
1,2024-01-01,Furniture,29.0,Female,3,382.74,1148.22
2,2024-01-02,Sports,61.0,Male,5,2277.39,11386.95
3,2024-01-03,Groceries,53.0,Male,5,1450.18,7250.9
4,2024-01-04,Sports,21.0,Male,4,3147.99,12591.96
5,2024-01-05,Sports,,Male,1,4962.97,4962.97
6,2024-01-06,Clothing,54.0,,5,1992.98,9964.9
7,2024-01-07,Groceries,25.0,Male,5,2911.82,14559.1
8,2024-01-08,Groceries,59.0,Male,4,2136.46,8545.84
9,2024-01-09,Groceries,45.0,Female,6,4251.63,25509.78
10,2024-01-10,Sports,48.0,Female,4,4520.96,18083.84
11,2024-01-11,Furniture,26.0,Female,7,4399.04,30793.28
12,2024-01-12,Groceries,46.0,Male,7,4874.42,34120.94
13,2024-01-13,Sports,31.0,Male,2,234.84,469.68
14,2024-01-14,Clothing,57.0,Male,3,4215.1,12645.3
15,2024-01-15,Furniture,58.0,Male,1,3783.68,3783.68
16,2024-01-16,Clothing,39.0,Male,8,1220.6,9764.8
17,2024-01-17,Furniture,28.0,Female,9,4785.97,43073.73
18,2024-01-18,Sports,40.0,Female,4,826.07,3304.28
19,2024-01-19,Electronics,18.0,Male,6,3429.79,20578.74
20,2024-01-20,Furniture,63.0,Male,9,1201.96,10817.64
21,2024-01-21,Clothing,54.0,Male,6,2213.77,13282.62
22,2024-01-22,Sports,38.0,Male,9,3623.88,32614.92
23,2024-01-23,Furniture,43.0,Female,4,2860.29,11441.16
24,2024-01-24,Electronics,63.0,Male,8,2194.76,17558.08
25,2024-01-25,Electronics,53.0,Male,9,1699.06,15291.54
26,2024-01-26,Groceries,40.0,Male,4,4214.33,16857.32
27,2024-01-27,Groceries,18.0,Male,5,804.69,4023.45
28,2024-01-28,Clothing,57.0,Female,8,2207.5,17660.0
29,2024-01-29,Furniture,32.0,Male,6,4528.41,27170.46
30,2024-01-30,Furniture,38.0,Male,7,4244.66,29712.62
31,2024-01-31,Groceries,64.0,Female,3,2064.61,6193.83
32,2024-02-01,Furniture,26.0,Female,7,3839.23,26874.61
33,2024-02-02,Furniture,26.0,Female,8,4133.49,33067.92
34,2024-02-03,Electronics,27.0,Male,6,4455.55,26733.3
35,2024-02-04,Groceries,43.0,Male,9,2768.08,24912.72
36,2024-02-05,Sports,58.0,Female,6,1101.86,6611.16
37,2024-02-06,Groceries,52.0,Female,9,1351.01,12159.09
38,2024-02-07,Sports,42.0,Female,4,1548.9,6195.6
39,2024-02-08,Electronics,43.0,Female,8,3009.63,24077.04
40,2024-02-09,Clothing,28.0,Female,4,260.77,1043.08
41,2024-02-10,Furniture,55.0,Female,2,3216.61,6433.22
42,2024-02-11,Electronics,19.0,Male,9,1885.34,16968.06
43,2024-02-12,Furniture,24.0,Male,5,1546.68,7733.4
44,2024-02-13,Clothing,35.0,Male,4,4409.53,17638.12
45,2024-02-14,Clothing,44.0,Female,2,2354.01,4708.02
46,2024-02-15,Electronics,51.0,Female,1,565.76,565.76
47,2024-02-16,Clothing,44.0,Female,7,4151.06,29057.42
48,2024-02-17,Sports,34.0,Female,6,333.44,2000.64
49,2024-02-18,Clothing,60.0,Female,2,3661.07,7322.14
50,2024-02-19,Furniture,61.0,Female,8,3892.14,31137.12
51,2024-02-20,Furniture,41.0,Male,4,1827.75,7311.0
52,2024-02-21,Furniture,42.0,Male,8,4141.46,33131.68
53,2024-02-22,Furniture,24.0,Female,7,2626.73,18387.11
54,2024-02-23,Sports,23.0,Male,5,2370.14,11850.7
55,2024-02-24,Groceries,41.0,Female,8,322.48,2579.84
56,2024-02-25,Electronics,50.0,Male,9,1521.14,13690.26
57,2024-02-26,Furniture,46.0,Female,5,4661.95,23309.75
58,2024-02-27,Clothing,60.0,Female,5,2019.94,10099.7
59,2024-02-28,Furniture,39.0,Male,2,2778.83,5557.66
60,2024-02-29,Clothing,43.0,Male,5,2706.91,13534.55
61,2024-03-01,Clothing,45.0,Female,3,2993.11,8979.33
62,2024-03-02,Furniture,,,7,400.52,2803.64
63,2024-03-03,Sports,24.0,Male,5,1874.66,9373.3
64,2024-03-04,Clothing,34.0,Male,8,3643.33,29146.64
65,2024-03-05,Clothing,37.0,Female,1,1082.75,1082.75
66,2024-03-06,Furniture,58.0,Male,3,1097.53,3292.59
67,2024-03-07,Clothing,37.0,Female,3,149.44,448.32
68,2024-03-08,Clothing,39.0,Female,9,2243.66,20192.94
69,2024-03-09,Furniture,45.0,Female,5,4425.4,22127.0
70,2024-03-10,Furniture,57.0,Female,9,354.31,3188.79
71,2024-03-11,Electronics,24.0,Male,9,1036.48,9328.32
72,2024-03-12,Sports,18.0,Male,1,66934.0,66934.0
73,2024-03-13,Sports,49.0,Male,2,3685.45,7370.9
74,2024-03-14,Clothing,30.0,Male,5,3239.11,16195.55
75,2024-03-15,Sports,47.0,Male,4,2138.13,8552.52
76,2024-03-16,Clothing,40.0,Male,9,3819.44,34374.96
77,2024-03-17,Electronics,36.0,Male,7,3087.19,21610.33
78,2024-03-18,Furniture,49.0,Female,6,4490.6,26943.6
79,2024-03-19,Furniture,47.0,Male,7,4108.33,28758.31
80,2024-03-20,Furniture,46.0,Male,1,1338.79,1338.79
81,2024-03-21,Sports,62.0,Female,1,1430.05,1430.05
82,2024-03-22,Electronics,46.0,Male,8,714.25,5714.0
83,2024-03-23,Sports,47.0,Male,2,1751.13,3502.26
84,2024-03-24,Sports,33.0,Female,9,4997.77,44979.93
85,2024-03-25,Electronics,57.0,Male,7,2088.18,14617.26
86,2024-03-26,Electronics,36.0,Male,6,,7082.34
87,2024-03-27,Electronics,35.0,Male,1,3836.17,3836.17
88,2024-03-28,Electronics,18.0,Female,1,2758.11,2758.11
89,2024-03-29,Furniture,31.0,Male,2,833.05,1666.1
90,2024-03-30,Groceries,64.0,Male,6,1965.38,11792.28
91,2024-03-31,Groceries,19.0,Female,6,2130.9,12785.4
92,2024-04-01,Electronics,45.0,Male,2,3793.77,7587.54
93,2024-04-02,Groceries,47.0,Female,1,201.29,201.29
94,2024-04-03,Groceries,55.0,Female,5,1418.2,7091.0
95,2024-04-04,Electronics,21.0,Male,5,2636.22,13181.1
96,2024-04-05,Groceries,18.0,Female,2,1417.35,2834.7
97,2024-04-06,Sports,25.0,Female,6,3179.33,19075.98
98,2024-04-07,Clothing,46.0,Male,9,2461.15,22150.35
99,2024-04-08,Clothing,56.0,Female,2,1872.38,3744.76
100,2024-04-09,Electronics,20.0,Female,2,4751.12,9502.24
101,2024-04-10,Furniture,49.0,Male,3,3197.58,9592.74
102,2024-04-11,Electronics,27.0,Male,7,736.71,5156.97
103,2024-04-12,Furniture,27.0,Male,6,2844.45,17066.7
104,2024-04-13,Clothing,36.0,Female,8,3925.59,31404.72
105,2024-04-14,Electronics,63.0,Male,8,3571.6,28572.8
106,2024-04-15,Sports,51.0,Female,6,943.24,5659.44
107,2024-04-16,Groceries,50.0,Female,3,4864.86,14594.58
108,2024-04-17,Furniture,40.0,Female,3,2299.19,6897.57
109,2024-04-18,Groceries,45.0,Female,1,879.22,879.22
110,2024-04-19,Groceries,49.0,Female,7,982.96,6880.72
111,2024-04-20,Electronics,24.0,Female,5,581.35,2906.75
112,2024-04-21,Groceries,46.0,Female,4,4037.24,16148.96
113,2024-04-22,Sports,25.0,Male,4,697.95,2791.8
114,2024-04-23,Groceries,18.0,Male,4,713.11,2852.44
115,2024-04-24,Electronics,20.0,Female,6,4267.31,25603.86
116,2024-04-25,Sports,41.0,Female,8,1788.56,14308.48
117,2024-04-26,Clothing,40.0,Male,8,251.2,2009.6
118,2024-04-27,Groceries,25.0,Female,5,354.29,1771.45
119,2024-04-28,Electronics,64.0,Male,6,796.64,4779.84
120,2024-04-29,Clothing,54.0,Male,4,1145.63,4582.52
121,2024-04-30,Clothing,20.0,Male,9,3359.22,30232.98
122,2024-05-01,Furniture,50.0,Female,8,870.9,6967.2
123,2024-05-02,Sports,45.0,Female,1,682.48,682.48
124,2024-05-03,Groceries,64.0,Male,2,3847.12,7694.24
125,2024-05-04,Electronics,25.0,Male,9,3388.17,30493.53
126,2024-05-05,Furniture,51.0,Male,8,2233.09,17864.72
127,2024-05-06,Sports,52.0,Male,3,2791.62,8374.86
128,2024-05-07,Furniture,49.0,Male,8,1628.72,13029.76
129,2024-05-08,Sports,41.0,Female,1,2464.25,2464.25
130,2024-05-09,Sports,31.0,Male,4,2582.7,10330.8
131,2024-05-10,Groceries,49.0,Female,3,1997.46,5992.38
132,2024-05-11,Sports,63.0,Male,6,4542.2,27253.2
133,2024-05-12,Furniture,60.0,Female,7,178.7,1250.9
134,2024-05-13,Sports,33.0,Female,4,3932.64,15730.56
135,2024-05-14,Groceries,21.0,Female,7,709.48,4966.36
136,2024-05-15,Groceries,54.0,Female,9,4007.98,36071.82
137,2024-05-16,Furniture,38.0,Female,2,3117.97,6235.94
138,2024-05-17,Clothing,31.0,Female,3,4232.06,12696.18
139,2024-05-18,Clothing,48.0,Male,5,577.82,2889.1
140,2024-05-19,Sports,35.0,Female,3,2839.01,8517.03
141,2024-05-20,Electronics,24.0,Male,8,2555.33,20442.64
142,2024-05-21,Sports,27.0,Female,8,3560.35,28482.8
143,2024-05-22,Furniture,24.0,Female,8,2718.02,21744.16
144,2024-05-23,Furniture,50.0,Male,9,2749.6,24746.4
145,2024-05-24,Furniture,40.0,Female,4,2205.02,8820.08
146,2024-05-25,Furniture,38.0,Male,5,1613.29,8066.45
147,2024-05-26,Furniture,36.0,Male,5,2463.1,12315.5
148,2024-05-27,Groceries,36.0,Male,8,680.61,5444.88
149,2024-05-28,Clothing,53.0,Male,7,4811.42,33679.94
150,2024-05-29,Furniture,46.0,Female,9,3600.61,32405.49
151,2024-05-30,Electronics,35.0,Female,8,4767.09,38136.72
152,2024-05-31,Electronics,19.0,Male,2,1210.96,2421.92
153,2024-06-01,Electronics,18.0,Female,4,4408.77,17635.08
154,2024-06-02,Electronics,64.0,Female,6,4063.07,24378.42
155,2024-06-03,Groceries,22.0,Male,2,3418.05,6836.1
156,2024-06-04,Electronics,37.0,,7,3162.64,22138.48
157,2024-06-05,Furniture,28.0,Male,3,1651.09,4953.27
158,2024-06-06,Sports,59.0,Male,3,4100.41,12301.23
159,2024-06-07,Electronics,19.0,Female,2,2557.43,5114.86
160,2024-06-08,Groceries,20.0,Female,8,447.37,3578.96
161,2024-06-09,Groceries,40.0,Female,6,1633.03,9798.18
162,2024-06-10,Electronics,29.0,Male,1,4682.96,4682.96
163,2024-06-11,Sports,37.0,Male,1,4268.33,4268.33
164,2024-06-12,Electronics,22.0,Female,7,4911.34,34379.38
165,2024-06-13,Groceries,54.0,Female,8,3177.17,25417.36
166,2024-06-14,Clothing,55.0,Female,5,1312.8,6564.0
167,2024-06-15,Furniture,47.0,Female,5,897.79,4488.95
168,2024-06-16,Groceries,26.0,Male,4,1015.88,4063.52
169,2024-06-17,Electronics,51.0,Female,6,197.0,1182.0
170,2024-06-18,Furniture,61.0,Male,6,2014.34,12086.04
171,2024-06-19,Electronics,52.0,Male,3,1038.0,3114.0
172,2024-06-20,Electronics,39.0,Female,9,2117.11,19053.99
173,2024-06-21,Clothing,61.0,Female,7,4681.47,32770.29
174,2024-06-22,Furniture,41.0,Female,1,2209.65,2209.65
175,2024-06-23,Furniture,34.0,Male,7,4402.12,30814.84
176,2024-06-24,Clothing,27.0,Female,5,3066.97,15334.85
177,2024-06-25,Groceries,47.0,Female,5,1310.94,6554.7
178,2024-06-26,Electronics,63.0,Male,2,1843.69,3687.38
179,2024-06-27,Sports,40.0,Female,4,511.21,2044.84
180,2024-06-28,Electronics,49.0,Male,6,1733.97,10403.82
181,2024-06-29,Electronics,34.0,Female,7,3419.95,23939.65
182,2024-06-30,Groceries,34.0,Male,5,453.34,2266.7
183,2024-07-01,Electronics,31.0,Female,9,1106.47,9958.23
184,2024-07-02,Clothing,26.0,Female,3,1969.06,5907.18
185,2024-07-03,Clothing,57.0,Male,1,4912.04,4912.04
186,2024-07-04,Furniture,19.0,Male,4,3945.82,15783.28
187,2024-07-05,Sports,62.0,Female,9,3694.09,33246.81
188,2024-07-06,Electronics,42.0,Male,4,669.34,2677.36
189,2024-07-07,Electronics,56.0,Male,2,3926.88,7853.76
190,2024-07-08,Groceries,26.0,Male,5,3947.82,19739.1
191,2024-07-09,Clothing,39.0,Male,3,3045.4,9136.2
192,2024-07-10,Sports,60.0,Female,9,4952.77,44574.93
193,2024-07-11,Furniture,63.0,Female,4,1693.74,6774.96
194,2024-07-12,Clothing,21.0,Male,6,4712.23,28273.38
195,2024-07-13,Furniture,43.0,Male,2,4582.18,9164.36
196,2024-07-14,Groceries,46.0,Male,6,156.26,937.56
197,2024-07-15,Groceries,62.0,Male,3,2305.57,6916.71
198,2024-07-16,Electronics,51.0,Female,9,4887.81,43990.29
199,2024-07-17,Sports,40.0,Female,2,605.29,1210.58
200,2024-07-18,Furniture,54.0,Male,9,2784.15,25057.35
201,2024-07-19,Clothing,28.0,Male,5,4896.89,24484.45
202,2024-07-20,Groceries,23.0,Male,8,2821.93,22575.44
203,2024-07-21,Electronics,35.0,Female,2,1030.09,2060.18
204,2024-07-22,Electronics,38.0,Male,6,2952.7,17716.2
205,2024-07-23,Furniture,59.0,Female,3,1101.76,3305.28
206,2024-07-24,Groceries,53.0,Male,5,2646.55,13232.75
207,2024-07-25,Sports,58.0,Female,8,462.81,3702.48
208,2024-07-26,Groceries,55.0,Male,1,3066.87,3066.87
209,2024-07-27,Furniture,51.0,Female,5,2632.27,13161.35
210,2024-07-28,Furniture,34.0,Male,3,3726.79,11180.37
211,2024-07-29,Groceries,54.0,Male,4,3190.43,12761.72
212,2024-07-30,Furniture,42.0,Male,2,2793.07,5586.14
213,2024-07-31,Groceries,55.0,Female,9,3479.92,31319.28
214,2024-08-01,Clothing,29.0,Male,3,805.32,2415.96
215,2024-08-02,Groceries,40.0,Female,2,3017.26,6034.52
216,2024-08-03,Groceries,59.0,Female,9,943.34,8490.06
217,2024-08-04,Furniture,39.0,Male,7,4635.06,32445.42
218,2024-08-05,Furniture,38.0,Male,6,434.84,2609.04
219,2024-08-06,Electronics,44.0,Male,1,2208.84,2208.84
220,2024-08-07,Electronics,48.0,Female,5,3509.41,17547.05
221,2024-08-08,Clothing,23.0,Male,3,2344.31,7032.93
222,2024-08-09,Electronics,44.0,Female,1,551.27,551.27
223,2024-08-10,Groceries,57.0,Female,4,,11246.24
224,2024-08-11,Furniture,51.0,Male,2,3244.0,6488.0
225,2024-08-12,Electronics,29.0,Male,2,3548.58,7097.16
226,2024-08-13,Electronics,62.0,Male,3,1928.97,5786.91
227,2024-08-14,Clothing,,Male,8,2861.93,22895.44
228,2024-08-15,Clothing,27.0,Male,8,2308.36,18466.88
229,2024-08-16,Groceries,62.0,Male,7,3393.07,23751.49
230,2024-08-17,Furniture,34.0,Female,6,2959.43,17756.58
231,2024-08-18,Clothing,43.0,Female,9,2676.21,24085.89
232,2024-08-19,Electronics,38.0,Female,4,1322.67,5290.68
233,2024-08-20,Furniture,45.0,Male,1,109.89,109.89
234,2024-08-21,Furniture,63.0,Female,8,953.0,7624.0
235,2024-08-22,Electronics,19.0,Female,7,673.62,4715.34
236,2024-08-23,Clothing,60.0,Female,7,2300.52,16103.64
237,2024-08-24,Electronics,18.0,Female,3,3100.06,9300.18
238,2024-08-25,Furniture,53.0,Female,4,1144.12,4576.48
239,2024-08-26,Sports,43.0,Male,9,4701.38,42312.42
240,2024-08-27,Sports,46.0,Male,6,132.74,796.44
241,2024-08-28,Groceries,38.0,Female,5,3884.27,19421.35
242,2024-08-29,Electronics,28.0,Female,3,3163.5,9490.5
243,2024-08-30,Electronics,57.0,Female,9,1930.42,17373.78
244,2024-08-31,Groceries,28.0,Male,5,347.4,1737.0
245,2024-09-01,Groceries,53.0,Male,5,3174.68,15873.4
246,2024-09-02,Groceries,56.0,Female,4,1989.51,7958.04
247,2024-09-03,Furniture,57.0,Male,4,52763.0,211052.0
248,2024-09-04,Electronics,52.0,Male,1,2755.75,2755.75
249,2024-09-05,Furniture,51.0,Female,7,4704.29,32930.03
250,2024-09-06,Groceries,,Male,9,1180.37,10623.33
251,2024-09-07,Electronics,41.0,Male,3,3656.06,10968.18
252,2024-09-08,Furniture,39.0,Female,2,3124.52,6249.04
253,2024-09-09,Furniture,22.0,Male,3,3723.1,11169.3
254,2024-09-10,Groceries,50.0,Male,1,1151.87,1151.87
255,2024-09-11,Electronics,53.0,Female,6,3358.47,20150.82
256,2024-09-12,Groceries,64.0,Male,7,2540.4,17782.8
257,2024-09-13,Electronics,37.0,Male,2,3739.84,7479.68
258,2024-09-14,Sports,36.0,Female,8,1702.52,13620.16
259,2024-09-15,Clothing,52.0,Female,6,4461.28,26767.68
260,2024-09-16,Clothing,60.0,Female,4,513.08,2052.32
261,2024-09-17,Clothing,34.0,Male,5,4055.23,20276.15
262,2024-09-18,Groceries,62.0,Female,8,4320.47,34563.76
263,2024-09-19,Sports,60.0,Male,3,4104.54,12313.62
264,2024-09-20,Electronics,51.0,Female,3,2612.36,7837.08
265,2024-09-21,Furniture,26.0,Male,4,2248.09,8992.36
266,2024-09-22,Electronics,43.0,Female,1,4981.69,4981.69
267,2024-09-23,Furniture,19.0,Female,9,1222.94,11006.46
268,2024-09-24,Electronics,26.0,Female,8,2779.69,22237.52
269,2024-09-25,Sports,26.0,Female,8,3386.31,27090.48
270,2024-09-26,Furniture,57.0,Male,6,3534.25,21205.5
271,2024-09-27,Groceries,34.0,Female,7,1099.72,7698.04
272,2024-09-28,Electronics,18.0,Female,6,3304.57,19827.42
273,2024-09-29,Electronics,42.0,Male,9,4110.01,36990.09
274,2024-09-30,Furniture,60.0,Female,3,345.09,1035.27
275,2024-10-01,Groceries,57.0,Male,3,4566.45,13699.35
276,2024-10-02,Groceries,59.0,Female,3,244.57,733.71
277,2024-10-03,Sports,42.0,Female,3,1844.26,5532.78
278,2024-10-04,Groceries,56.0,Female,9,177.48,1597.32
279,2024-10-05,Groceries,52.0,Male,4,478.01,1912.04
280,2024-10-06,Groceries,20.0,,7,4564.72,31953.04
281,2024-10-07,Clothing,54.0,Female,9,1838.82,16549.38
282,2024-10-08,Sports,61.0,Female,7,2181.38,15269.66
283,2024-10-09,Electronics,61.0,Male,9,1155.19,10396.71
284,2024-10-10,Furniture,47.0,Male,3,3025.77,9077.31
285,2024-10-11,Electronics,55.0,Female,4,3014.54,12058.16
286,2024-10-12,Sports,51.0,Male,8,1923.78,15390.24
287,2024-10-13,Furniture,29.0,Female,6,1731.87,10391.22
288,2024-10-14,Sports,36.0,Female,5,4436.33,22181.65
289,2024-10-15,Groceries,,Female,4,1978.09,7912.36
290,2024-10-16,Furniture,,Female,8,2518.15,20145.2
291,2024-10-17,Groceries,34.0,Female,1,1488.19,1488.19
292,2024-10-18,Electronics,27.0,Female,9,3955.17,35596.53
293,2024-10-19,Electronics,64.0,Female,1,2047.5,2047.5
294,2024-10-20,Furniture,29.0,Male,8,2616.69,20933.52
295,2024-10-21,Furniture,33.0,Male,4,1341.45,5365.8
296,2024-10-22,Sports,41.0,Male,9,4939.53,44455.77
297,2024-10-23,Sports,36.0,Male,5,1528.33,7641.65
298,2024-10-24,Groceries,25.0,Male,3,3876.64,11629.92
299,2024-10-25,Furniture,48.0,Male,9,2194.73,19752.57
300,2024-10-26,Electronics,38.0,,9,1110.47,9994.23
301,2024-10-27,Sports,34.0,Female,4,4018.62,16074.48
302,2024-10-28,Sports,40.0,Female,4,1734.67,6938.68
303,2024-10-29,Electronics,54.0,Female,8,4339.45,34715.6
304,2024-10-30,Sports,33.0,Female,2,4584.76,9169.52
305,2024-10-31,Groceries,23.0,Male,9,4313.14,38818.26
306,2024-11-01,Furniture,25.0,Male,6,271.54,1629.24
307,2024-11-02,Electronics,42.0,Female,9,3958.13,35623.17
308,2024-11-03,Furniture,35.0,Female,8,2115.56,16924.48
309,2024-11-04,Sports,42.0,Male,7,4381.24,30668.68
310,2024-11-05,Sports,29.0,Female,1,3225.98,3225.98
311,2024-11-06,Electronics,32.0,Female,3,4184.85,12554.55
312,2024-11-07,Groceries,43.0,Female,2,2547.22,5094.44
313,2024-11-08,Clothing,58.0,Female,5,2721.62,13608.1
314,2024-11-09,Electronics,62.0,Male,5,807.5,4037.5
315,2024-11-10,Clothing,43.0,Female,5,3941.54,19707.7
316,2024-11-11,Clothing,64.0,Female,4,2155.01,8620.04
317,2024-11-12,Groceries,49.0,Male,5,2550.39,12751.95
318,2024-11-13,Clothing,27.0,Male,3,3946.98,11840.94
319,2024-11-14,Clothing,33.0,Female,1,88179.0,88179.0
320,2024-11-15,Groceries,24.0,Male,5,1085.38,5426.9
321,2024-11-16,Clothing,34.0,Female,9,2992.14,26929.26
322,2024-11-17,Clothing,40.0,Female,9,2097.4,18876.6
323,2024-11-18,Clothing,43.0,Male,4,2400.68,9602.72
324,2024-11-19,Electronics,38.0,Female,3,238.73,716.19
325,2024-11-20,Electronics,39.0,Female,1,1129.14,1129.14
326,2024-11-21,Electronics,24.0,Female,2,1477.09,2954.18
327,2024-11-22,Groceries,31.0,Female,8,3593.5,28748.0
328,2024-11-23,Sports,32.0,Male,1,156.31,156.31
329,2024-11-24,Clothing,24.0,Male,8,2103.01,16824.08
330,2024-11-25,Clothing,26.0,Female,7,4627.73,32394.11
331,2024-11-26,Groceries,25.0,Male,8,648.22,5185.76
332,2024-11-27,Clothing,40.0,Female,6,2630.48,15782.88
333,2024-11-28,Electronics,46.0,Female,9,3953.96,35585.64
334,2024-11-29,Sports,35.0,Female,3,4718.4,14155.2
335,2024-11-30,Furniture,48.0,Female,4,3759.21,15036.84
336,2024-12-01,Clothing,47.0,Female,6,3630.77,21784.62
337,2024-12-02,Electronics,56.0,Male,8,4149.79,33198.32
338,2024-12-03,Furniture,52.0,Female,5,2286.39,11431.95
339,2024-12-04,Sports,35.0,Male,3,,12145.92
340,2024-12-05,Furniture,59.0,Male,6,,834.18
341,2024-12-06,Electronics,56.0,Female,4,4630.35,18521.4
342,2024-12-07,Furniture,34.0,Female,9,2272.2,20449.8
343,2024-12-08,Groceries,31.0,Female,3,2811.56,8434.68
344,2024-12-09,Furniture,48.0,Female,4,1348.92,5395.68
345,2024-12-10,Clothing,41.0,Female,7,3738.4,26168.8
346,2024-12-11,Clothing,52.0,Male,7,475.52,3328.64
347,2024-12-12,Groceries,61.0,Female,4,4375.92,17503.68
348,2024-12-13,Electronics,62.0,Female,6,4157.77,24946.62
349,2024-12-14,Clothing,51.0,Male,3,1158.69,3476.07
350,2024-12-15,Sports,20.0,Male,6,4065.69,24394.14
351,2024-12-16,Clothing,54.0,Female,2,3953.15,7906.3
352,2024-12-17,Clothing,60.0,Male,8,3197.86,25582.88
353,2024-12-18,Electronics,57.0,Female,2,1930.25,3860.5
354,2024-12-19,Furniture,43.0,Male,7,1430.34,10012.38
355,2024-12-20,Clothing,40.0,Male,9,1235.74,11121.66
356,2024-12-21,Groceries,61.0,Female,1,1661.18,1661.18
357,2024-12-22,Furniture,,Male,8,4527.44,36219.52
358,2024-12-23,Sports,32.0,Male,7,480.44,3363.08
359,2024-12-24,Electronics,21.0,Male,6,4161.47,24968.82
360,2024-12-25,Sports,46.0,Male,6,1809.56,10857.36
361,2024-12-26,Furniture,39.0,Male,6,2655.84,15935.04
362,2024-12-27,Furniture,42.0,Male,9,3992.98,35936.82
363,2024-12-28,Furniture,30.0,Female,2,4433.45,8866.9
364,2024-12-29,Sports,35.0,Female,1,1789.43,1789.43
365,2024-12-30,Furniture,50.0,Male,6,2363.03,14178.18
366,2024-12-31,Sports,33.0,Female,8,2131.13,17049.04
367,2025-01-01,Furniture,62.0,Female,3,164.93,494.79
368,2025-01-02,Groceries,59.0,Female,1,1550.12,1550.12
369,2025-01-03,Furniture,61.0,Male,9,2350.03,21150.27
370,2025-01-04,Sports,19.0,Female,1,2114.36,2114.36
371,2025-01-05,Clothing,52.0,,3,3637.45,10912.35
372,2025-01-06,Furniture,59.0,Female,8,1985.54,15884.32
373,2025-01-07,Clothing,,Male,3,2497.94,7493.82
374,2025-01-08,Groceries,47.0,Male,4,2205.08,8820.32
375,2025-01-09,Electronics,30.0,Female,8,3729.07,29832.56
376,2025-01-10,Groceries,30.0,Female,1,4328.56,4328.56
377,2025-01-11,Furniture,35.0,Male,6,2706.26,16237.56
378,2025-01-12,Clothing,49.0,Female,1,3968.22,3968.22
379,2025-01-13,Clothing,49.0,Female,1,1554.25,1554.25
380,2025-01-14,Sports,52.0,Female,8,2752.71,22021.68
381,2025-01-15,Clothing,56.0,,4,1791.63,7166.52
382,2025-01-16,Sports,63.0,Male,1,2129.58,2129.58
383,2025-01-17,Electronics,46.0,Female,7,3688.83,25821.81
384,2025-01-18,Furniture,46.0,Female,5,4420.15,22100.75
385,2025-01-19,Sports,61.0,,5,695.33,3476.65
386,2025-01-20,Electronics,33.0,Male,1,3209.73,3209.73
387,2025-01-21,Clothing,61.0,Male,6,2952.5,17715.0
388,2025-01-22,Clothing,64.0,Female,9,680.23,6122.07
389,2025-01-23,Electronics,27.0,Female,9,1138.28,10244.52
390,2025-01-24,Clothing,47.0,Female,8,1623.91,12991.28
391,2025-01-25,Electronics,42.0,Female,5,917.96,4589.8
392,2025-01-26,Sports,56.0,Female,1,1294.27,1294.27
393,2025-01-27,Sports,37.0,Female,9,1411.24,12701.16
394,2025-01-28,Electronics,22.0,Male,1,1744.8,1744.8
395,2025-01-29,Sports,18.0,Female,8,3772.01,30176.08
396,2025-01-30,Sports,47.0,Male,5,2902.37,14511.85
397,2025-01-31,Sports,20.0,Female,3,4932.61,14797.83
398,2025-02-01,Groceries,62.0,Female,7,2132.21,14925.47
399,2025-02-02,Furniture,31.0,Male,7,3793.94,26557.58
400,2025-02-03,Clothing,47.0,Male,9,4370.2,39331.8
401,2025-02-04,Groceries,21.0,Male,7,3426.99,23988.93
402,2025-02-05,Sports,35.0,Male,3,2118.14,6354.42
403,2025-02-06,Electronics,54.0,Female,1,3792.61,3792.61
404,2025-02-07,Sports,42.0,Male,8,1097.97,8783.76
405,2025-02-08,Furniture,18.0,Female,3,1705.01,5115.03
406,2025-02-09,Sports,63.0,Male,8,,22230.08
407,2025-02-10,Electronics,32.0,Female,8,2919.51,23356.08
408,2025-02-11,Furniture,26.0,Female,5,208.49,1042.45
409,2025-02-12,Sports,32.0,Female,1,4731.06,4731.06
410,2025-02-13,Furniture,41.0,Female,7,3513.47,24594.29
411,2025-02-14,Clothing,21.0,Female,5,2528.95,12644.75
412,2025-02-15,Clothing,29.0,Female,8,4672.32,37378.56
413,2025-02-16,Sports,54.0,Male,9,2251.57,20264.13
414,2025-02-17,Furniture,54.0,Female,7,4904.13,34328.91
415,2025-02-18,Electronics,60.0,Male,7,2610.2,18271.4
416,2025-02-19,Sports,23.0,,1,660.0,660.0
417,2025-02-20,Clothing,56.0,Female,4,3847.52,15390.08
418,2025-02-21,Clothing,63.0,Male,2,3426.6,6853.2
419,2025-02-22,Sports,41.0,Female,2,3887.63,7775.26
420,2025-02-23,Furniture,28.0,Male,2,4762.07,9524.14
421,2025-02-24,Clothing,30.0,Female,4,3904.8,15619.2
422,2025-02-25,Furniture,51.0,Male,1,3095.55,3095.55
423,2025-02-26,Clothing,42.0,,4,4300.81,17203.24
424,2025-02-27,Clothing,24.0,Female,2,3398.91,6797.82
425,2025-02-28,Groceries,21.0,Female,5,2099.78,10498.9
426,2025-03-01,Clothing,25.0,Female,3,4439.54,13318.62
427,2025-03-02,Electronics,37.0,Male,8,,9498.48
428,2025-03-03,Sports,46.0,Female,4,3601.74,14406.96
429,2025-03-04,Sports,62.0,Male,1,4419.66,4419.66
430,2025-03-05,Furniture,63.0,Male,1,3683.45,3683.45
431,2025-03-06,Clothing,27.0,Male,3,,10549.95
432,2025-03-07,Electronics,60.0,Female,9,3787.93,34091.37
433,2025-03-08,Furniture,51.0,Male,7,2378.77,16651.39
434,2025-03-09,Groceries,43.0,Male,2,4383.44,8766.88
435,2025-03-10,Furniture,58.0,Male,9,1096.84,9871.56
436,2025-03-11,Furniture,20.0,Female,2,724.19,1448.38
437,2025-03-12,Clothing,23.0,Female,3,1498.99,4496.97
438,2025-03-13,Groceries,22.0,Male,2,2704.73,5409.46
439,2025-03-14,Furniture,22.0,Female,3,2601.75,7805.25
440,2025-03-15,Electronics,64.0,Female,6,4120.93,24725.58
441,2025-03-16,Electronics,40.0,Male,9,2082.39,18741.51
442,2025-03-17,Sports,26.0,Male,9,2473.29,22259.61
443,2025-03-18,Groceries,52.0,Female,7,165.5,1158.5
444,2025-03-19,Groceries,37.0,Male,3,2107.72,6323.16
445,2025-03-20,Sports,59.0,Female,4,3274.09,13096.36
446,2025-03-21,Furniture,52.0,Female,6,175.99,1055.94
447,2025-03-22,Groceries,35.0,Female,5,1476.32,7381.6
448,2025-03-23,Electronics,34.0,Female,2,1118.99,2237.98
449,2025-03-24,Electronics,41.0,Female,6,305.73,1834.38
450,2025-03-25,Clothing,20.0,Female,3,2448.37,7345.11
451,2025-03-26,Groceries,49.0,Male,8,990.44,7923.52
452,2025-03-27,Furniture,52.0,Male,2,3741.1,7482.2
453,2025-03-28,Sports,55.0,Female,1,4254.85,4254.85
454,2025-03-29,Sports,30.0,Female,9,2773.37,24960.33
455,2025-03-30,Furniture,64.0,Female,3,4910.37,14731.11
456,2025-03-31,Clothing,42.0,Male,1,2307.35,2307.35
457,2025-04-01,Sports,26.0,Female,7,2615.5,18308.5
458,2025-04-02,Groceries,21.0,Male,5,4947.17,24735.85
459,2025-04-03,Clothing,31.0,Female,5,1234.59,6172.95
460,2025-04-04,Groceries,54.0,Female,1,4718.48,4718.48
461,2025-04-05,Electronics,51.0,Male,9,309.9,2789.1
462,2025-04-06,Clothing,28.0,Male,7,,16011.1
463,2025-04-07,Sports,58.0,Female,8,443.02,3544.16
464,2025-04-08,Clothing,,Female,9,3673.25,33059.25
465,2025-04-09,Clothing,45.0,Female,6,3081.2,18487.2
466,2025-04-10,Clothing,46.0,Male,5,3562.51,17812.55
467,2025-04-11,Clothing,26.0,Male,6,1934.95,11609.7
468,2025-04-12,Groceries,20.0,Male,2,1910.46,3820.92
469,2025-04-13,Electronics,42.0,Male,4,322.06,1288.24
470,2025-04-14,Furniture,51.0,Male,3,1814.73,5444.19
471,2025-04-15,Clothing,29.0,Male,7,4653.51,32574.57
472,2025-04-16,Sports,59.0,Female,9,1958.21,17623.89
473,2025-04-17,Clothing,26.0,Female,5,4173.7,20868.5
474,2025-04-18,Sports,32.0,Male,6,4227.39,25364.34
475,2025-04-19,Groceries,57.0,Female,2,1928.88,3857.76
476,2025-04-20,Sports,42.0,Female,3,3196.74,9590.22
477,2025-04-21,Furniture,22.0,Male,3,567.32,1701.96
478,2025-04-22,Electronics,28.0,Female,9,608.03,5472.27
479,2025-04-23,Sports,51.0,Male,7,338.42,2368.94
480,2025-04-24,Sports,41.0,Male,8,2946.97,23575.76
481,2025-04-25,Electronics,32.0,Female,9,2187.75,19689.75
482,2025-04-26,Furniture,55.0,Male,6,2785.36,16712.16
483,2025-04-27,Clothing,25.0,Male,4,2653.26,10613.04
484,2025-04-28,Sports,22.0,Male,1,1815.99,1815.99
485,2025-04-29,Electronics,43.0,Male,8,3419.62,27356.96
486,2025-04-30,Groceries,35.0,Male,7,3816.66,26716.62
487,2025-05-01,Electronics,23.0,Male,2,171.68,343.36
488,2025-05-02,Groceries,54.0,Male,8,1115.49,8923.92
489,2025-05-03,Furniture,,Male,5,3594.86,17974.3
490,2025-05-04,Clothing,45.0,Female,7,1994.44,13961.08
491,2025-05-05,Electronics,22.0,Female,4,3346.17,13384.68
492,2025-05-06,Sports,30.0,Female,5,1800.12,9000.6
493,2025-05-07,Furniture,34.0,Male,8,2014.7,16117.6
494,2025-05-08,Electronics,57.0,Male,1,877.53,877.53
495,2025-05-09,Sports,62.0,Female,1,1365.33,1365.33
496,2025-05-10,Electronics,49.0,Female,4,3066.52,12266.08
497,2025-05-11,Groceries,46.0,Female,3,2222.5,6667.5
498,2025-05-12,Electronics,20.0,Male,2,3894.08,7788.16
499,2025-05-13,Electronics,57.0,Female,3,4277.67,12833.01
500,2025-05-14,Electronics,51.0,Female,1,2754.07,2754.07
501,2025-05-15,Furniture,57.0,Male,1,3815.51,3815.51
502,2025-05-16,Electronics,44.0,Female,6,1603.83,9622.98
503,2025-05-17,Sports,30.0,Male,5,2133.36,10666.8
504,2025-05-18,Groceries,62.0,Male,8,3592.61,28740.88
505,2025-05-19,Groceries,50.0,,2,1992.44,3984.88
506,2025-05-20,Electronics,23.0,Female,4,2983.67,11934.68
507,2025-05-21,Furniture,41.0,Female,8,1008.33,8066.64
508,2025-05-22,Furniture,36.0,Male,6,3038.88,18233.28
509,2025-05-23,Sports,33.0,Female,1,4321.42,4321.42
510,2025-05-24,Electronics,57.0,Female,4,4356.33,17425.32
511,2025-05-25,Groceries,45.0,Female,1,3649.29,3649.29
512,2025-05-26,Furniture,50.0,Female,2,3754.19,7508.38
513,2025-05-27,Electronics,58.0,Male,5,2833.84,14169.2
514,2025-05-28,Furniture,30.0,Female,8,2964.87,23718.96
515,2025-05-29,Furniture,60.0,Male,8,754.89,6039.12
516,2025-05-30,Groceries,62.0,Male,3,2274.91,6824.73
517,2025-05-31,Clothing,42.0,Female,4,2308.8,9235.2
518,2025-06-01,Sports,59.0,Male,6,4796.64,28779.84
519,2025-06-02,Sports,53.0,Female,3,2212.33,6636.99
520,2025-06-03,Groceries,44.0,Female,2,2791.78,5583.56
521,2025-06-04,Furniture,55.0,Male,6,2712.93,16277.58
522,2025-06-05,Electronics,24.0,Male,5,3220.13,16100.65
523,2025-06-06,Furniture,22.0,Male,5,3766.34,18831.7
524,2025-06-07,Groceries,60.0,Male,5,1202.71,6013.55
525,2025-06-08,Sports,62.0,Female,5,2690.75,13453.75
526,2025-06-09,Furniture,48.0,Female,3,4147.0,12441.0
527,2025-06-10,Sports,40.0,Female,7,2369.26,16584.82
528,2025-06-11,Electronics,59.0,Male,6,1464.44,8786.64
529,2025-06-12,Sports,27.0,Male,4,3308.07,13232.28
530,2025-06-13,Sports,49.0,Male,2,4136.46,8272.92
531,2025-06-14,Clothing,60.0,Female,9,409.39,3684.51
532,2025-06-15,Clothing,47.0,Male,1,3906.27,3906.27
533,2025-06-16,Clothing,,Female,4,4126.07,16504.28
534,2025-06-17,Sports,48.0,Male,1,2361.46,2361.46
535,2025-06-18,Groceries,35.0,Female,6,4918.2,29509.2
536,2025-06-19,Sports,53.0,Female,4,3954.87,15819.48
537,2025-06-20,Groceries,19.0,,5,3890.95,19454.75
538,2025-06-21,Groceries,31.0,Male,5,3764.41,18822.05
539,2025-06-22,Clothing,30.0,Female,9,837.98,7541.82
540,2025-06-23,Furniture,46.0,Female,1,1164.43,1164.43
541,2025-06-24,Electronics,29.0,Male,2,2373.55,4747.1
542,2025-06-25,Clothing,56.0,Male,6,1393.62,8361.72
543,2025-06-26,Clothing,19.0,Female,5,2134.68,10673.4
544,2025-06-27,Furniture,49.0,Male,7,4453.47,31174.29
545,2025-06-28,Electronics,30.0,Female,3,4139.2,12417.6
546,2025-06-29,Sports,63.0,Female,3,3187.2,9561.6
547,2025-06-30,Sports,44.0,Male,2,4304.79,8609.58
548,2025-07-01,Clothing,58.0,Male,3,3940.48,11821.44
549,2025-07-02,Electronics,34.0,Male,1,2202.03,2202.03
550,2025-07-03,Clothing,57.0,Male,5,1085.22,5426.1
551,2025-07-04,Groceries,48.0,Male,5,2619.59,13097.95
552,2025-07-05,Clothing,51.0,Female,7,3707.52,25952.64
553,2025-07-06,Clothing,41.0,Female,4,2238.46,8953.84
554,2025-07-07,Sports,62.0,Male,3,3367.18,10101.54
555,2025-07-08,Sports,52.0,Male,1,562.2,562.2
556,2025-07-09,Sports,23.0,Male,8,3765.22,30121.76
557,2025-07-10,Groceries,36.0,Female,3,4082.3,12246.9
558,2025-07-11,Sports,47.0,Male,2,3563.51,7127.02
559,2025-07-12,Electronics,24.0,Male,4,4839.59,19358.36
560,2025-07-13,Furniture,,Female,3,4150.6,12451.8
561,2025-07-14,Electronics,58.0,Female,1,4525.16,4525.16
562,2025-07-15,Electronics,,Male,3,4674.5,14023.5
563,2025-07-16,Sports,51.0,Male,2,4026.61,8053.22
564,2025-07-17,Furniture,45.0,Male,8,3403.87,27230.96
565,2025-07-18,Furniture,32.0,Female,6,128.02,768.12
566,2025-07-19,Furniture,47.0,Male,9,2382.55,21442.95
567,2025-07-20,Groceries,54.0,Male,8,2898.7,23189.6
568,2025-07-21,Sports,46.0,Male,3,,4769.25
569,2025-07-22,Furniture,39.0,Female,5,1658.71,8293.55
570,2025-07-23,Groceries,21.0,,7,4809.68,33667.76
571,2025-07-24,Clothing,37.0,Male,5,4469.38,22346.9
572,2025-07-25,Clothing,49.0,Male,8,4260.98,34087.84
573,2025-07-26,Groceries,53.0,Female,5,2089.46,10447.3
574,2025-07-27,Groceries,21.0,Female,1,167.12,167.12
575,2025-07-28,Sports,44.0,Female,5,493.09,2465.45
576,2025-07-29,Sports,34.0,Female,4,1629.76,6519.04
577,2025-07-30,Clothing,29.0,Female,6,177.14,1062.84
578,2025-07-31,Furniture,39.0,Female,3,184.03,552.09
579,2025-08-01,Clothing,34.0,Female,5,4591.36,22956.8
580,2025-08-02,Furniture,27.0,Female,2,3560.18,7120.36
581,2025-08-03,Furniture,18.0,Female,6,1613.88,9683.28
582,2025-08-04,Sports,39.0,Male,6,749.96,4499.76
583,2025-08-05,Electronics,43.0,Male,5,2607.02,13035.1
584,2025-08-06,Electronics,35.0,Male,6,126.2,757.2
585,2025-08-07,Groceries,31.0,Female,7,4698.23,32887.61
586,2025-08-08,Sports,64.0,Male,5,2132.59,10662.95
587,2025-08-09,Furniture,46.0,Female,1,2071.44,2071.44
588,2025-08-10,Electronics,29.0,Female,8,2013.91,16111.28
589,2025-08-11,Furniture,53.0,Male,4,439.71,1758.84
590,2025-08-12,Electronics,52.0,Female,9,81498.0,733482.0
591,2025-08-13,Electronics,29.0,Male,6,3691.72,22150.32
592,2025-08-14,Electronics,24.0,Male,1,3413.01,3413.01
593,2025-08-15,Sports,46.0,Male,3,778.33,2334.99
594,2025-08-16,Clothing,28.0,Female,3,2936.32,8808.96
595,2025-08-17,Furniture,50.0,Male,4,2890.47,11561.88
596,2025-08-18,Sports,23.0,Female,6,4355.21,26131.26
597,2025-08-19,Sports,64.0,Male,7,1957.73,13704.11
598,2025-08-20,Sports,32.0,Male,4,1920.28,7681.12
599,2025-08-21,Sports,49.0,Male,6,3130.78,18784.68
600,2025-08-22,Sports,28.0,Female,1,3202.06,3202.06
601,2025-08-23,Groceries,40.0,Female,8,2399.5,19196.0
602,2025-08-24,Furniture,43.0,Female,7,2270.99,15896.93
603,2025-08-25,Sports,51.0,Male,9,2521.32,22691.88
604,2025-08-26,Furniture,63.0,Male,3,4319.12,12957.36
605,2025-08-27,Groceries,51.0,Female,2,2359.72,4719.44
606,2025-08-28,Groceries,46.0,Female,1,4705.67,4705.67
607,2025-08-29,Furniture,21.0,Female,3,2569.62,7708.86
608,2025-08-30,Electronics,34.0,Female,5,4751.08,23755.4
609,2025-08-31,Clothing,52.0,Female,2,4180.88,8361.76
610,2025-09-01,Electronics,30.0,Female,3,1875.91,5627.73
611,2025-09-02,Electronics,58.0,Male,4,4331.84,17327.36
612,2025-09-03,Electronics,56.0,Female,7,639.31,4475.17
613,2025-09-04,Sports,32.0,Male,3,4632.73,13898.19
614,2025-09-05,Groceries,46.0,Male,9,3195.05,28755.45
615,2025-09-06,Electronics,46.0,Female,8,366.51,2932.08
616,2025-09-07,Groceries,28.0,Female,4,3256.86,13027.44
617,2025-09-08,Furniture,49.0,Male,1,4873.81,4873.81
618,2025-09-09,Clothing,19.0,Female,1,442.02,442.02
619,2025-09-10,Furniture,64.0,Female,1,2817.97,2817.97
620,2025-09-11,Furniture,31.0,Male,1,3764.19,3764.19
621,2025-09-12,Sports,37.0,Male,8,4070.27,32562.16
622,2025-09-13,Clothing,39.0,Male,3,,6383.25
623,2025-09-14,Furniture,28.0,Female,6,1100.42,6602.52
624,2025-09-15,Furniture,44.0,Male,3,307.48,922.44
625,2025-09-16,Clothing,20.0,Female,5,2940.66,14703.3
626,2025-09-17,Clothing,34.0,Male,7,2319.26,16234.82
627,2025-09-18,Furniture,61.0,Male,2,,9497.7
628,2025-09-19,Clothing,45.0,Male,6,396.96,2381.76
629,2025-09-20,Furniture,46.0,Female,6,3458.44,20750.64
630,2025-09-21,Furniture,38.0,Female,3,222.33,666.99
631,2025-09-22,Sports,64.0,Male,6,940.03,5640.18
632,2025-09-23,Electronics,33.0,Male,5,2322.54,11612.7
633,2025-09-24,Furniture,54.0,Male,2,2328.87,4657.74
634,2025-09-25,Groceries,37.0,Female,9,3459.93,31139.37
635,2025-09-26,Electronics,23.0,Male,8,,36480.32
636,2025-09-27,Electronics,36.0,Female,3,3231.26,9693.78
637,2025-09-28,Electronics,,Male,8,4772.32,38178.56
638,2025-09-29,Sports,20.0,Male,9,4419.92,39779.28
639,2025-09-30,Furniture,18.0,Male,3,2964.05,8892.15
640,2025-10-01,Sports,55.0,Male,3,4185.58,12556.74
641,2025-10-02,Furniture,32.0,Male,2,3248.63,6497.26
642,2025-10-03,Sports,51.0,Male,8,484.93,3879.44
643,2025-10-04,Sports,52.0,Female,1,3728.77,3728.77
644,2025-10-05,Groceries,42.0,Male,8,565.05,4520.4
645,2025-10-06,Sports,41.0,Female,7,3011.01,21077.07
646,2025-10-07,Clothing,29.0,Male,7,3542.94,24800.58
647,2025-10-08,Groceries,35.0,Male,3,425.99,1277.97
648,2025-10-09,Sports,32.0,Female,1,1230.89,1230.89
649,2025-10-10,Electronics,61.0,Male,4,4586.79,18347.16
650,2025-10-11,Clothing,33.0,Female,9,3119.94,28079.46
651,2025-10-12,Clothing,44.0,Female,5,1306.8,6534.0
652,2025-10-13,Clothing,25.0,Male,1,3484.33,3484.33
653,2025-10-14,Groceries,63.0,Female,5,3024.2,15121.0
654,2025-10-15,Sports,42.0,Female,8,2557.72,20461.76
655,2025-10-16,Sports,34.0,Male,8,4883.32,39066.56
656,2025-10-17,Electronics,46.0,Female,5,3448.92,17244.6
657,2025-10-18,Electronics,25.0,Male,9,1939.66,17456.94
658,2025-10-19,Clothing,32.0,Male,1,4020.36,4020.36
659,2025-10-20,Electronics,44.0,Male,4,4434.46,17737.84
660,2025-10-21,Groceries,63.0,Male,3,713.58,2140.74
661,2025-10-22,Sports,24.0,Female,2,1082.71,2165.42
662,2025-10-23,Clothing,20.0,Male,8,1159.51,9276.08
663,2025-10-24,Electronics,46.0,Male,7,3486.94,24408.58
664,2025-10-25,Groceries,61.0,Female,9,3054.89,27494.01
665,2025-10-26,Groceries,41.0,Male,2,3133.06,6266.12
666,2025-10-27,Electronics,20.0,Male,4,4709.79,18839.16
667,2025-10-28,Sports,37.0,Female,6,3901.97,23411.82
668,2025-10-29,Electronics,63.0,Female,3,726.89,2180.67
669,2025-10-30,Clothing,32.0,Female,8,1802.78,14422.24
670,2025-10-31,Electronics,42.0,Female,3,2233.43,6700.29
671,2025-11-01,Groceries,47.0,Female,2,2040.21,4080.42
672,2025-11-02,Electronics,,Female,3,3379.61,10138.83
673,2025-11-03,Sports,24.0,Female,6,4470.28,26821.68
674,2025-11-04,Furniture,34.0,Male,2,1599.65,3199.3
675,2025-11-05,Electronics,61.0,Female,8,2804.2,22433.6
676,2025-11-06,Sports,37.0,Female,1,3968.11,3968.11
677,2025-11-07,Sports,53.0,Female,7,2139.47,14976.29
678,2025-11-08,Groceries,,Male,2,923.78,1847.56
679,2025-11-09,Sports,55.0,Male,6,2427.26,14563.56
680,2025-11-10,Sports,39.0,Female,2,370.59,741.18
681,2025-11-11,Sports,19.0,Female,2,,9435.36
682,2025-11-12,Sports,41.0,Female,8,,3732.96
683,2025-11-13,Clothing,25.0,Male,2,2248.44,4496.88
684,2025-11-14,Clothing,28.0,,7,2696.42,18874.94
685,2025-11-15,Groceries,30.0,Female,3,4927.99,14783.97
686,2025-11-16,Electronics,34.0,Male,8,,7308.08
687,2025-11-17,Sports,25.0,Female,7,660.71,4624.97
688,2025-11-18,Electronics,38.0,Male,8,142.66,1141.28
689,2025-11-19,Electronics,35.0,Male,7,862.3,6036.1
690,2025-11-20,Groceries,47.0,Female,6,1115.64,6693.84
691,2025-11-21,Sports,35.0,Female,7,3189.85,22328.95
692,2025-11-22,Sports,63.0,Female,5,1176.56,5882.8
693,2025-11-23,Furniture,64.0,Female,7,200.55,1403.85
694,2025-11-24,Electronics,48.0,Male,1,4150.43,4150.43
695,2025-11-25,Electronics,55.0,Male,1,1891.42,1891.42
696,2025-11-26,Clothing,49.0,Male,9,1833.11,16497.99
697,2025-11-27,Furniture,28.0,Female,5,1582.15,7910.75
698,2025-11-28,Clothing,62.0,Male,5,4879.33,24396.65
699,2025-11-29,Clothing,42.0,Female,3,933.57,2800.71
700,2025-11-30,Clothing,50.0,Male,5,4501.37,22506.85
701,2025-12-01,Groceries,55.0,Female,3,3906.34,11719.02
702,2025-12-02,Groceries,58.0,Female,9,474.75,4272.75
703,2025-12-03,Clothing,25.0,Male,9,4934.97,44414.73
704,2025-12-04,Furniture,28.0,Female,6,1429.69,8578.14
705,2025-12-05,Electronics,39.0,Female,1,583.06,583.06
706,2025-12-06,Furniture,41.0,Male,7,4163.64,29145.48
707,2025-12-07,Sports,58.0,Female,7,3562.71,24938.97
708,2025-12-08,Groceries,,Female,4,3124.37,12497.48
709,2025-12-09,Electronics,29.0,Female,8,864.31,6914.48
710,2025-12-10,Electronics,63.0,Male,6,2444.63,14667.78
711,2025-12-11,Sports,49.0,Male,4,3924.72,15698.88
712,2025-12-12,Sports,32.0,Female,4,1587.76,6351.04
713,2025-12-13,Clothing,33.0,Male,2,1627.28,3254.56
714,2025-12-14,Groceries,39.0,Female,2,115.39,230.78
715,2025-12-15,Groceries,45.0,Female,4,953.79,3815.16
716,2025-12-16,Furniture,37.0,Female,5,4389.49,21947.45
717,2025-12-17,Clothing,50.0,Female,8,2264.56,18116.48
718,2025-12-18,Clothing,27.0,Female,6,4922.75,29536.5
719,2025-12-19,Clothing,57.0,Male,4,2038.97,8155.88
720,2025-12-20,Clothing,49.0,Female,7,3604.41,25230.87
721,2025-12-21,Groceries,50.0,Male,8,1481.4,11851.2
722,2025-12-22,Groceries,19.0,Male,2,1882.67,3765.34
723,2025-12-23,Clothing,50.0,Female,7,1034.56,7241.92
724,2025-12-24,Furniture,50.0,Female,2,1800.61,3601.22
725,2025-12-25,Electronics,58.0,Male,2,2781.46,5562.92
726,2025-12-26,Electronics,30.0,Male,8,4959.69,39677.52
727,2025-12-27,Furniture,47.0,Male,2,3354.59,6709.18
728,2025-12-28,Clothing,50.0,Female,9,1076.31,9686.79
729,2025-12-29,Groceries,30.0,Male,1,320.31,320.31
730,2025-12-30,Electronics,43.0,Female,9,719.15,6472.35
731,2025-12-31,Sports,39.0,Female,1,2856.52,2856.52
732,2026-01-01,Sports,56.0,Female,2,3849.29,7698.58
733,2026-01-02,Furniture,19.0,Male,6,4708.05,28248.3
734,2026-01-03,Clothing,55.0,Female,6,177.53,1065.18
735,2026-01-04,Electronics,56.0,Female,1,2661.52,2661.52
736,2026-01-05,Clothing,43.0,Female,7,2407.25,16850.75
737,2026-01-06,Electronics,63.0,Female,8,3314.67,26517.36
738,2026-01-07,Furniture,32.0,,2,2841.94,5683.88
739,2026-01-08,Furniture,,Male,8,3466.49,27731.92
740,2026-01-09,Sports,59.0,Female,9,3324.6,29921.4
741,2026-01-10,Clothing,61.0,Female,6,673.36,4040.16
742,2026-01-11,Sports,57.0,Male,5,4018.62,20093.1
743,2026-01-12,Clothing,28.0,Female,9,703.84,6334.56
744,2026-01-13,Sports,20.0,Male,9,3522.8,31705.2
745,2026-01-14,Groceries,23.0,Female,1,2139.11,2139.11
746,2026-01-15,Groceries,26.0,Male,3,2617.87,7853.61
747,2026-01-16,Groceries,23.0,Male,9,4526.16,40735.44
748,2026-01-17,Groceries,26.0,Female,2,4460.43,8920.86
749,2026-01-18,Electronics,56.0,Female,4,4107.5,16430.0
750,2026-01-19,Groceries,48.0,Female,4,2599.73,10398.92
751,2026-01-20,Furniture,49.0,Male,2,3707.58,7415.16
752,2026-01-21,Furniture,58.0,Male,3,2613.2,7839.6
753,2026-01-22,Electronics,29.0,Male,3,4361.07,13083.21
754,2026-01-23,Groceries,25.0,Female,1,2073.6,2073.6
755,2026-01-24,Groceries,25.0,Male,6,4854.15,29124.9
756,2026-01-25,Groceries,45.0,Male,8,4668.38,37347.04
757,2026-01-26,Sports,37.0,Female,3,3733.85,11201.55
758,2026-01-27,Clothing,64.0,Male,5,1469.14,7345.7
759,2026-01-28,Sports,24.0,Male,1,745.1,745.1
760,2026-01-29,Clothing,28.0,Female,7,4288.05,30016.35
761,2026-01-30,Groceries,37.0,Male,1,909.98,909.98
762,2026-01-31,Groceries,33.0,Female,9,4285.88,38572.92
763,2026-02-01,Sports,21.0,Female,8,2504.75,20038.0
764,2026-02-02,Sports,23.0,Female,7,2092.13,14644.91
765,2026-02-03,Clothing,39.0,Female,7,4525.63,31679.41
766,2026-02-04,Furniture,43.0,Female,5,3058.87,15294.35
767,2026-02-05,Clothing,20.0,Male,5,86009.0,430045.0
768,2026-02-06,Sports,58.0,Male,5,2837.95,14189.75
769,2026-02-07,Sports,59.0,Female,1,1918.73,1918.73
770,2026-02-08,Electronics,31.0,Female,8,3949.65,31597.2
771,2026-02-09,Sports,28.0,Male,1,1338.71,1338.71
772,2026-02-10,Electronics,35.0,Female,4,4700.59,18802.36
773,2026-02-11,Furniture,29.0,Female,9,4480.53,40324.77
774,2026-02-12,Clothing,40.0,Female,9,1753.65,15782.85
775,2026-02-13,Clothing,29.0,Male,5,3674.37,18371.85
776,2026-02-14,Electronics,30.0,Male,4,2908.79,11635.16
777,2026-02-15,Clothing,42.0,Female,3,1754.48,5263.44
778,2026-02-16,Sports,62.0,Female,3,4943.76,14831.28
779,2026-02-17,Groceries,36.0,Male,5,223.66,1118.3
780,2026-02-18,Electronics,63.0,Male,1,1337.97,1337.97
781,2026-02-19,Clothing,53.0,Female,5,2648.36,13241.8
782,2026-02-20,Electronics,62.0,Female,6,2657.57,15945.42
783,2026-02-21,Electronics,25.0,Male,7,,20900.39
784,2026-02-22,Groceries,46.0,Male,9,3783.21,34048.89
785,2026-02-23,Sports,49.0,Male,3,3155.04,9465.12
786,2026-02-24,Electronics,61.0,Female,2,3041.38,6082.76
787,2026-02-25,Clothing,35.0,Male,3,362.22,1086.66
788,2026-02-26,Furniture,23.0,Female,9,1945.0,17505.0
789,2026-02-27,Electronics,35.0,Male,7,1237.07,8659.49
790,2026-02-28,Electronics,36.0,Male,9,1400.31,12602.79
791,2026-03-01,Groceries,39.0,Male,2,2816.25,5632.5
792,2026-03-02,Sports,54.0,Male,5,1077.58,5387.9
793,2026-03-03,Furniture,49.0,Female,4,1540.35,6161.4
794,2026-03-04,Clothing,58.0,Female,2,1261.72,2523.44
795,2026-03-05,Furniture,20.0,Male,9,4747.66,42728.94
796,2026-03-06,Clothing,45.0,Female,9,85825.0,772425.0
797,2026-03-07,Sports,27.0,Male,6,3088.71,18532.26
798,2026-03-08,Clothing,52.0,Male,6,4630.16,27780.96
799,2026-03-09,Groceries,46.0,Male,8,3950.48,31603.84
800,2026-03-10,Groceries,32.0,Male,6,58493.0,350958.0
801,2026-03-11,Groceries,50.0,Female,1,131.53,131.53
802,2026-03-12,Groceries,24.0,Male,4,3885.33,15541.32
803,2026-03-13,Furniture,29.0,Male,7,3542.19,24795.33
804,2026-03-14,Sports,47.0,Female,2,3114.74,6229.48
805,2026-03-15,Clothing,38.0,Male,9,3826.08,34434.72
806,2026-03-16,Clothing,48.0,Male,8,2613.32,20906.56
807,2026-03-17,Groceries,41.0,Male,8,3550.01,28400.08
808,2026-03-18,Groceries,37.0,Female,7,4682.34,32776.38
809,2026-03-19,Electronics,54.0,Male,4,1941.44,7765.76
810,2026-03-20,Sports,21.0,Female,2,3569.8,7139.6
811,2026-03-21,Furniture,45.0,Male,3,2430.87,7292.61
812,2026-03-22,Clothing,61.0,Male,6,3404.56,20427.36
813,2026-03-23,Electronics,37.0,Female,5,3838.18,19190.9
814,2026-03-24,Electronics,41.0,Male,8,322.72,2581.76
815,2026-03-25,Clothing,49.0,Male,6,3268.34,19610.04
816,2026-03-26,Furniture,58.0,,6,1211.03,7266.18
817,2026-03-27,Electronics,53.0,Female,1,3383.16,3383.16
818,2026-03-28,Electronics,51.0,Female,4,2394.82,9579.28
819,2026-03-29,Sports,53.0,Female,5,3890.41,19452.05
820,2026-03-30,Furniture,19.0,Female,3,704.66,2113.98
821,2026-03-31,Electronics,32.0,Male,9,3168.98,28520.82
822,2026-04-01,Furniture,51.0,Female,1,1464.51,1464.51
823,2026-04-02,Clothing,53.0,Male,6,4279.61,25677.66
824,2026-04-03,Groceries,23.0,Male,6,4649.08,27894.48
825,2026-04-04,Electronics,56.0,Male,5,4982.35,24911.75
826,2026-04-05,Sports,59.0,Female,5,4000.44,20002.2
827,2026-04-06,Clothing,29.0,Female,5,3793.3,18966.5
828,2026-04-07,Furniture,20.0,Male,6,1155.95,6935.7
829,2026-04-08,Clothing,62.0,Female,8,1746.43,13971.44
830,2026-04-09,Electronics,35.0,Female,2,2381.84,4763.68
831,2026-04-10,Furniture,57.0,Female,6,3889.57,23337.42
832,2026-04-11,Groceries,38.0,Female,1,4583.33,4583.33
833,2026-04-12,Clothing,32.0,Male,4,1026.78,4107.12
834,2026-04-13,Electronics,50.0,Male,3,4619.6,13858.8
835,2026-04-14,Sports,52.0,Female,9,3508.56,31577.04
836,2026-04-15,Furniture,43.0,Male,3,3092.78,9278.34
837,2026-04-16,Clothing,25.0,Female,6,1079.22,6475.32
838,2026-04-17,Clothing,53.0,Female,1,372.07,372.07
839,2026-04-18,Groceries,47.0,Male,6,2885.48,17312.88
840,2026-04-19,Groceries,40.0,Male,4,3292.43,13169.72
841,2026-04-20,Sports,59.0,Male,8,1132.83,9062.64
842,2026-04-21,Sports,61.0,Female,9,2826.64,25439.76
843,2026-04-22,Electronics,31.0,Male,4,4296.82,17187.28
844,2026-04-23,Electronics,31.0,,6,4191.82,25150.92
845,2026-04-24,Sports,19.0,Male,1,4644.04,4644.04
846,2026-04-25,Sports,54.0,Male,4,1892.84,7571.36
847,2026-04-26,Furniture,22.0,Female,7,1658.44,11609.08
848,2026-04-27,Groceries,55.0,Female,1,3772.19,3772.19
849,2026-04-28,Electronics,62.0,Female,8,2212.45,17699.6
850,2026-04-29,Groceries,58.0,Female,6,528.99,3173.94
851,2026-04-30,Groceries,64.0,Female,5,1485.73,7428.65
852,2026-05-01,Sports,31.0,Female,9,2151.05,19359.45
853,2026-05-02,Furniture,56.0,Female,2,1533.33,3066.66
854,2026-05-03,Clothing,42.0,Female,5,1727.81,8639.05
855,2026-05-04,Furniture,37.0,Male,6,1539.5,9237.0
856,2026-05-05,Furniture,19.0,Female,7,56691.0,396837.0
857,2026-05-06,Groceries,56.0,Female,5,3221.76,16108.8
858,2026-05-07,Furniture,23.0,Male,9,3026.73,27240.57
859,2026-05-08,Electronics,34.0,Female,1,3301.58,3301.58
860,2026-05-09,Groceries,42.0,Male,7,1042.32,7296.24
861,2026-05-10,Electronics,45.0,Male,7,1548.71,10840.97
862,2026-05-11,Clothing,19.0,Female,4,3136.12,12544.48
863,2026-05-12,Groceries,52.0,Male,9,3038.18,27343.62
864,2026-05-13,Clothing,54.0,Female,5,2581.02,12905.1
865,2026-05-14,Groceries,22.0,Male,4,1817.02,7268.08
866,2026-05-15,Sports,18.0,Male,7,4573.36,32013.52
867,2026-05-16,Furniture,57.0,Male,4,1764.87,7059.48
868,2026-05-17,Sports,29.0,Female,3,2332.53,6997.59
869,2026-05-18,Clothing,53.0,Female,9,3422.76,30804.84
870,2026-05-19,Furniture,62.0,Male,8,2760.81,22086.48
871,2026-05-20,Groceries,40.0,Male,1,1799.74,1799.74
872,2026-05-21,Furniture,64.0,Female,7,2234.66,15642.62
873,2026-05-22,Electronics,48.0,Female,9,3992.96,35936.64
874,2026-05-23,Furniture,28.0,Male,8,1462.83,11702.64
875,2026-05-24,Electronics,27.0,Male,8,797.05,6376.4
876,2026-05-25,Furniture,20.0,,6,1634.5,9807.0
877,2026-05-26,Electronics,31.0,Female,4,4262.72,17050.88
878,2026-05-27,Clothing,33.0,Female,8,55574.0,444592.0
879,2026-05-28,Sports,27.0,Female,3,4959.31,14877.93
880,2026-05-29,Groceries,46.0,Female,9,2750.91,24758.19
881,2026-05-30,Furniture,27.0,Male,2,4925.74,9851.48
882,2026-05-31,Sports,29.0,Female,2,4701.08,9402.16
883,2026-06-01,Groceries,47.0,Male,7,2318.79,16231.53
884,2026-06-02,Groceries,58.0,Female,4,1072.61,4290.44
885,2026-06-03,Electronics,18.0,Male,8,907.94,7263.52
886,2026-06-04,Clothing,22.0,Female,9,1275.95,11483.55
887,2026-06-05,Clothing,37.0,Female,7,3579.65,25057.55
888,2026-06-06,Sports,25.0,Male,5,1437.45,7187.25
889,2026-06-07,Clothing,60.0,Male,8,1772.98,14183.84
890,2026-06-08,Furniture,29.0,Female,4,2299.02,9196.08
891,2026-06-09,Clothing,18.0,Female,2,4574.84,9149.68
892,2026-06-10,Sports,37.0,Female,6,1028.03,6168.18
893,2026-06-11,Clothing,45.0,Female,9,124.63,1121.67
894,2026-06-12,Furniture,60.0,Female,1,394.47,394.47
895,2026-06-13,Electronics,54.0,Male,7,4533.36,31733.52
896,2026-06-14,Sports,64.0,Male,9,,29455.47
897,2026-06-15,Electronics,54.0,Female,9,1437.9,12941.1
898,2026-06-16,Electronics,,Male,3,968.24,2904.72
899,2026-06-17,Electronics,54.0,Male,5,1541.91,7709.55
900,2026-06-18,Groceries,61.0,Male,8,662.5,5300.0
901,2026-06-19,Groceries,45.0,Female,8,4713.51,37708.08
902,2026-06-20,Electronics,64.0,Male,4,3942.61,15770.44
903,2026-06-21,Sports,32.0,Female,1,2365.72,2365.72
904,2026-06-22,Furniture,23.0,Male,1,4338.32,4338.32
905,2026-06-23,Furniture,61.0,Female,4,1322.35,5289.4
906,2026-06-24,Clothing,37.0,Male,6,3613.89,21683.34
907,2026-06-25,Sports,31.0,Female,8,4295.05,34360.4
908,2026-06-26,Groceries,19.0,Female,6,1848.17,11089.02
909,2026-06-27,Electronics,26.0,Male,9,3811.58,34304.22
910,2026-06-28,Clothing,54.0,Female,9,1545.85,13912.65
911,2026-06-29,Furniture,37.0,Female,2,1564.4,3128.8
912,2026-06-30,Groceries,43.0,Female,1,624.58,624.58
913,2026-07-01,Groceries,46.0,Female,2,2256.28,4512.56
914,2026-07-02,Electronics,18.0,Female,5,3675.59,18377.95
915,2026-07-03,Furniture,52.0,Female,4,4707.08,18828.32
916,2026-07-04,Sports,23.0,Female,4,,12234.44
917,2026-07-05,Groceries,54.0,Female,9,4329.36,38964.24
918,2026-07-06,Electronics,22.0,Male,8,4130.22,33041.76
919,2026-07-07,Sports,50.0,Male,6,949.38,5696.28
920,2026-07-08,Furniture,31.0,Female,1,2480.51,2480.51
921,2026-07-09,Groceries,29.0,Female,2,672.93,1345.86
922,2026-07-10,Sports,59.0,Male,6,3442.55,20655.3
923,2026-07-11,Sports,37.0,Male,2,4754.51,9509.02
924,2026-07-12,Sports,41.0,Male,5,771.74,3858.7
925,2026-07-13,Groceries,60.0,Female,5,3696.03,18480.15
926,2026-07-14,Groceries,51.0,Male,6,3197.97,19187.82
927,2026-07-15,Clothing,42.0,Female,6,2959.66,17757.96
928,2026-07-16,Furniture,46.0,Female,6,2011.59,12069.54
929,2026-07-17,Electronics,56.0,Male,2,1840.15,3680.3
930,2026-07-18,Sports,48.0,Female,3,321.72,965.16
931,2026-07-19,Clothing,64.0,Female,6,1167.75,7006.5
932,2026-07-20,Electronics,60.0,Female,8,174.37,1394.96
933,2026-07-21,Clothing,40.0,Female,1,2948.94,2948.94
934,2026-07-22,Groceries,61.0,Male,1,618.68,618.68
935,2026-07-23,Sports,55.0,Male,2,4377.8,8755.6
936,2026-07-24,Electronics,37.0,Female,6,2663.4,15980.4
937,2026-07-25,Electronics,40.0,Female,9,3528.48,31756.32
938,2026-07-26,Electronics,,Male,4,2113.2,8452.8
939,2026-07-27,Electronics,33.0,Female,3,2846.84,8540.52
940,2026-07-28,Electronics,59.0,Male,8,4719.03,37752.24
941,2026-07-29,Clothing,25.0,,9,505.4,4548.6
942,2026-07-30,Sports,38.0,Female,5,1344.3,6721.5
943,2026-07-31,Groceries,18.0,Male,9,3921.94,35297.46
944,2026-08-01,Groceries,25.0,Male,2,583.81,1167.62
945,2026-08-02,Groceries,46.0,Male,3,470.74,1412.22
946,2026-08-03,Groceries,49.0,Male,7,1871.55,13100.85
947,2026-08-04,Clothing,55.0,Female,7,551.62,3861.34
948,2026-08-05,Furniture,22.0,Male,6,,17801.28
949,2026-08-06,Sports,64.0,Female,6,1208.75,7252.5
950,2026-08-07,Electronics,39.0,Male,2,4488.92,8977.84
951,2026-08-08,Furniture,64.0,Male,6,3939.15,23634.9
952,2026-08-09,Groceries,51.0,Female,4,3528.56,14114.24
953,2026-08-10,Furniture,18.0,Male,3,3123.03,9369.09
954,2026-08-11,Sports,43.0,Male,2,,8661.96
955,2026-08-12,Electronics,60.0,Male,1,1193.0,1193.0
956,2026-08-13,Electronics,27.0,Male,5,4378.23,21891.15
957,2026-08-14,Sports,47.0,Female,2,3968.51,7937.02
958,2026-08-15,Sports,35.0,Female,2,3765.99,7531.98
959,2026-08-16,Groceries,34.0,Male,7,2850.15,19951.05
960,2026-08-17,Electronics,43.0,Male,8,1306.6,10452.8
961,2026-08-18,Furniture,25.0,Male,8,2175.38,17403.04
962,2026-08-19,Clothing,64.0,Female,4,3988.5,15954.0
963,2026-08-20,Clothing,57.0,Female,1,255.71,255.71
964,2026-08-21,Sports,29.0,Female,7,3932.05,27524.35
965,2026-08-22,Groceries,44.0,Female,1,1276.35,1276.35
966,2026-08-23,Clothing,25.0,Male,4,807.12,3228.48
967,2026-08-24,Electronics,42.0,Male,8,666.94,5335.52
968,2026-08-25,Sports,63.0,Male,2,233.53,467.06
969,2026-08-26,Furniture,21.0,Female,6,2665.57,15993.42
970,2026-08-27,Sports,50.0,Male,6,1169.47,7016.82
971,2026-08-28,Furniture,18.0,Female,9,4948.22,44533.98
972,2026-08-29,Sports,36.0,Female,5,2914.74,14573.7
973,2026-08-30,Sports,48.0,Male,4,775.64,3102.56
974,2026-08-31,Sports,33.0,Male,5,3474.94,17374.7
975,2026-09-01,Furniture,31.0,Male,5,4498.94,22494.7
976,2026-09-02,Furniture,22.0,Female,8,3751.38,30011.04
977,2026-09-03,Sports,58.0,Female,8,474.56,3796.48
978,2026-09-04,Clothing,43.0,Male,2,4489.83,8979.66
979,2026-09-05,Groceries,45.0,Male,7,3990.25,27931.75
980,2026-09-06,Groceries,19.0,Female,8,875.69,7005.52
981,2026-09-07,Groceries,23.0,Male,6,353.75,2122.5
982,2026-09-08,Furniture,26.0,Female,5,2830.82,14154.1
983,2026-09-09,Furniture,50.0,Female,9,864.58,7781.22
984,2026-09-10,Clothing,58.0,Male,3,4189.5,12568.5
985,2026-09-11,Groceries,42.0,Male,4,1855.84,7423.36
986,2026-09-12,Groceries,30.0,Male,9,4573.17,41158.53
987,2026-09-13,Sports,26.0,Male,6,2871.87,17231.22
988,2026-09-14,Furniture,30.0,Female,8,995.09,7960.72
989,2026-09-15,Groceries,48.0,,7,784.03,5488.21
990,2026-09-16,Clothing,58.0,Female,2,2924.71,5849.42
991,2026-09-17,Clothing,28.0,Male,3,3833.23,11499.69
992,2026-09-18,Groceries,21.0,Female,1,3929.38,3929.38
993,2026-09-19,Furniture,51.0,Male,9,70389.0,633501.0
994,2026-09-20,Clothing,55.0,Male,7,1100.81,7705.67
995,2026-09-21,Sports,63.0,Male,1,182.11,182.11
996,2026-09-22,Clothing,21.0,Male,3,3428.08,10284.24
997,2026-09-23,Electronics,55.0,Male,4,475.18,1900.72
998,2026-09-24,Electronics,36.0,Male,4,2161.73,8646.92
999,2026-09-25,Furniture,23.0,Female,5,3048.24,15241.2
1000,2026-09-26,Groceries,51.0,Male,3,4691.83,14075.49
508,2025-05-22,Furniture,36.0,Male,6,3038.88,18233.28
819,2026-03-29,Sports,53.0,Female,5,3890.41,19452.05
453,2025-03-28,Sports,55.0,Female,1,4254.85,4254.85
369,2025-01-03,Furniture,61.0,Male,9,2350.03,21150.27
243,2024-08-30,Electronics,57.0,Female,9,1930.42,17373.78
930,2026-07-18,Sports,48.0,Female,3,321.72,965.16
263,2024-09-19,Sports,60.0,Male,3,4104.54,12313.62
811,2026-03-21,Furniture,45.0,Male,3,2430.87,7292.61
319,2024-11-14,Clothing,33.0,Female,1,3034.34,3034.34
50,2024-02-19,Furniture,61.0,Female,8,3892.14,31137.12
447,2025-03-22,Groceries,35.0,Female,5,1476.32,7381.6
143,2024-05-22,Furniture,24.0,Female,8,2718.02,21744.16
969,2026-08-26,Furniture,21.0,Female,6,2665.57,15993.42
346,2024-12-11,Clothing,52.0,Male,7,475.52,3328.64
972,2026-08-29,Sports,36.0,Female,5,2914.74,14573.7
134,2024-05-13,Sports,33.0,Female,4,3932.64,15730.56
105,2024-04-14,Electronics,63.0,Male,8,3571.6,28572.8
7,2024-01-07,Groceries,25.0,Male,5,2911.82,14559.1
601,2025-08-23,Groceries,40.0,Female,8,2399.5,19196.0
497,2025-05-11,Groceries,46.0,Female,3,2222.5,6667.5
